Naslov,Tekst
Geometrijske valne jednadžbe,"Klasična valna jednadžba je invarijantna na djelovanje Poincaréove grupe, grupe invarijantnosti u posebnoj teoriji relativnosti, što vodi proučavanju valne jednadžbe u Minkowskijevom prostoru (s polu-Riemannovom metrikom g = diag(−1,1,...,1) koja određuje dalembertian). Ovaj pogled otvara mogućnost proučavanja jednadžbi na općenitoj Lorentzovoj mnogostrukosti s metrikom g, koja određuje d’Alembertov operator. Naravno, umjesto linearne, mogu se gledati i polulinearne valne jednadžbe. Na ovaj način mogu se proučavati jednadžbe elektrodinamike (Maxwellov sustav i vezana valna jednadžba za 4-potencijal) i kvantne teorije polja (Klein-Gordonova jednadžba i Diracov sustav), kao linearni primjeri, te općenito nelinearne jednadžbe opće teorije relativnosti (Einsteinove jednadžbe gravitacijskog polja, pa i linearizirane za gravitacijske valove), teorije elastičnosti (jednadžbe gibanja za deformaciju elastičnog tijela), kao i jednadžbe valnih preslikavanja u diferencijalnoj geometriji(jednadžbezafunkcijeizmeđumnogostrukosti).Ciljjepravilno formulirati Cauchyjevu zadaću za takve jednadžbe, te pokazati da je dobro postavljena."
Blok-matrice,"U ovom diplomskom radu proučavat će se blok-matrice, to jest matrice čiji su elementi matrice odgovarajućeg tipa koje nazivamo podmatricama početne matrice. Svaku matricu možemo zapisati kao blok-matricu. Ovaj zapis omogućuje da se neki dokazi provedu na jednostavniji i elegantniji način, te da se računanje s matricama velikog formata pojednostavi. Kako bismo do toga došli, prvo proučavamo kako se standardne matrične operacije zapisuju i provode po blokovima, te kako se računa determinanta i inverz određenih blok-matrica. Nakon toga usvojene tehnike primjenjujemo za određivanje ranga produkta i zbroja matrice, veze između spektara matrica AB i BA, te za dokaze drugih tvrdnji."
Laplaceova transformacija,U ovom diplomskom radu proučavat ćemo svojstva Laplaceove transformacije i primjenu na rješavanje običnih diferencijalnih jednadžbi.
Posebne točke trokuta,"U redovnoj nastavni učenici se susreću s četiri karakteristične točke trokuta: težište, ortocenta, središte upisane i središte opisane kružnice. Osim tih točaka, možemo definirati i proučavati mnogo drugih točaka koje imaju posebna svojstva. U radu će se obraditi definicije, značaj i primjene nekoliko takvih točaka. Posebne točke trokuta su vrlo često definirane kao presjek tri pravca, pa će u radu biti govora o različitim dokazima kopunktalnosti pravaca. Također, bit će prikazani pomoćni ili poznati rezultati, poput Napoleonovog, Bevanovog i Jacobijevog teorema. S metodičkog stanovišta, pokazat će se različite mogućnosti za organizaciju aktivnosti (sa ili bez tehnologije) za provođenje problemske i projektne nastave u kojima je cilj otkrivanje i primjena klasičnih i manje poznatih posebnih točaka trokuta."
Modeliranje dinamičkih sustava vođeno podacima,"Dekompozicija dinamičkih modova (DMD) je jedan od osnovnih alata za analizu složenih, visokodimenzionalnih dinamičkih sustava koji su zadani podacima, tj. nizom uzoraka u nekom vremenskom intervalu. DMD pretpostavlja postojanje linearnog operatora koji preslikava stanje sustava iz nekog trenutka u vremenu u sljedeće,tenatemeljuuzorakanalaziaproksimacijesvojstvenihparovazataj(nepoznati) operator. Iz tih svojstvenih parova (“modova”) može se napraviti rekonstrukcija sustava, kao i predikcija budućeg ponašanja. Kao alternativa DMD-u koji izvodi linearnu aproksimaciju dinamike sustava, Peherstorfer i Willcox predlažu metodu inferencije operatora. U toj metodi se rješavanjem problema najmanjih kvadrata konstruira nelinearni, projicirani model na temelju uzoraka originalnog sustava nepoznate dinamike. U ovom diplomskom radu student će dati pregled i implementaciju algoritama za DMDiinferenciju operatora. Performanse algoritama i metoda će biti uspoređene na nekoliko numeričkih eksperimenata, te uspoređene s rezultatima iz literature."
Neki doprinosi Leonharda Eulera u matematici,"U ovoj se povijesnoj temi bavimo različitim doprinosima, u analizi, artimetici, topologiji i teoriji grafova, velikog matematičara Leonharda Eulera. Dakle, između ostalog, zanima nas Eulerova zeta funkcija i njen produkt, Eulerova funkcija, kvadratni reciprocitet, Eulerova formula te problemi u teoriji grafova."
Van Hiele model razvoja geometrijskog mišljenja i koncepti duljine i površine u osnovnoj i srednjoj školi,"Cilj diplomskog rada je prikazati izgradnju koncepata duljine i površine tijekom osnovnoškolskog i srednjoškolskog obrazovanja kroz prizmu van Hiele teorijskog modela razvoja geometrijskog mišljenja i ilustrirati je primjerima prikladnih učeničkihaktivnostikojimasepotičenjihovnapredakiznižeusljedećuvišuvanHiele razinu. Za učenike na razinama 0 i 1 pritom je važna učinkovita uporaba konkretnih f izičkih materijala i učila poput geometrijskih pločica i geoploče, dok za one na višim razinama prednost imaju alati dinamične geometrije."
Geometrijske pločice i njihova primjena u nastavi matematike,"Geometrijske pločice (eng. pattern blocks) su učilo koje čine tanke plastične ili drvene pločice koje predstavljaju ovih šest geometrijskih likova u više sukladnih primjeraka: jednakostranični trokut sa stranicama duljine 25 mm; kvadrat sa stranicama duljine 25 mm, jednakokračni trapez s osnovicama duljina 50 mm i 25 mm, krakovima duljine 25 mm te unutarnjim kutovima veličina 60◦ i 120◦; romb sa stranicama duljine 25 mm i unutarnjim kutovima veličina 60◦ i 120◦; romb sa stranicama duljine 25 mm i unutarnjim kutovima veličina 30◦ i 150◦; pravilni šesterokut sa stranicama duljine 25 mm. Cilj ovog diplomskog rada jest istražiti i prikazati potencijal i mogućnosti ovog učila u nastavi matematike u osnovnoj i srednjoj školi."
Razvoj algebarskog mišljenja u osnovnoj i srednjoj školi: algebarski izrazi i identiteti,"Domena Algebra i funkcije jedno je od pet širokih sadržajnih područja kurikuluma predmeta Matematika za osnovnu i srednje škole u Hrvatskoj. U njemu se algebra interpretira kao jezik za opisivanje pravilnosti u kojemu slova i simboli predstavljaju brojeve, količine i operacije, a varijable se upotrebljavaju pri rješavanju matematičkih problema. Stoga je razvoj učeničkog algebarskog mišljenja jedan od važnih ciljeva nastave matematike. Ono uključuje generalizacije s polazištem u aritmetici i uzorcima (eng. patterns) iz svih područja matematike, smislenu upotrebu simbola, proučavanje strukture u brojevnim sustavima, proučavanje uzoraka i funkcija, kao i proces matematičkog modeliranja koje povezuje sve prethodno navedeno. Koncept algebarskog izraza u srcu je algebre i algebarskog mišljenja. Cilj rada je opisati njegovu izgradnju u osnovnoj i nižim razredima srednje škole, obuhvativši pritomnjegoverazličiteprikaze(simbolički,grafički,numerički,verbalniinaprimjerima modeliranja situacije), kao i temeljne algebrske identitete i njihovu primjenu. U radu će biti prezentirane učeničke aktivnosti na otkrivanju algebarskih izraza, razlomaka i identiteta na načelima konstruktivističkih i sociokulturalnih teorija učenja, osobito učenja istraživanjem i rješavanjem problema uz podršku učila kao medijatora (npr. geometrijske i algebarske pločice, geoploča)."
Potencije i eksponencijalna funkcija u gimnazijskoj nastavi matematike,"Pojmovi potencije i korijena broja te eksponencijalne funkcije, kao i njihovaprimjenaprimodeliranjusituacijaizrealnogsvijeta,zauzimajuznačajanprostor u kurikulumu predmeta Matematika za gimnazije u Hrvatskoj. Cilj diplomskog rada je prikazati izgradnju ovih koncepata u nastavi poštujući načela konstruktivističkih i sociokulturalnih teorija učenja, a osobito učenja rješavanjem problema i učeničkim istraživanjem. U radu će biti opisane konkretne učeničke aktivnosti na otkrivanju i primjeni navedenih koncepata u klasičnom i digitalnom okruženju."
Jezgrene metode za učenje nelinearnih mnogostrukosti i primjene,"U složenoj analizi podataka često imamo podatke uložene u ambijenti prostor velike dimenzije (curse of dimensionality), ali priroda podataka sugerira da se nalaze na nekoj nižedimenzionalnoj mnogostrukosti. Cilj je je identificirati tu strukturu i onda primijeniti metode klasteriranja/segmentacije itd. Moderne metode analizu strukture podataka počinju konstrukcijom novih koordinata u kojima je puno jednostavnije otkriti skrivene strukture. U ovoj radnji će biti analiziran koncept jezgrenih metoda, koje konstruiraju tzv. jezgru koja uvodi novu mjeru sličnosti među podacima. Spektralna analiza jezgre (svojstvene vrijednosti i svojstveni vektori) daje novekoordinate. Kodvišedimenzionalnih mjerasličnosti se uvodei tzv. super-jezgre. Metodadifuzijskih preslikavanja spada u klasu jezgrenih metoda i ona će biti centralna tema radnje. Dat će se teorijska pozadina, te razviti, implemetirati i testirati (na odabranim problemima iz primjena) numerički algoritmi."
Tenzorske dekompozicije u prepoznavanju akcije,"Prepoznavanje akcije (npr. što radi osoba na slici ili na kratkom video zapisu) je izazovan algoritamski problem koji je zanimljiv u mnogim primjenama. Tenzori i tenzorske dekompozicije su se pokazali kao prikladni i moćni alati u rješavanju takvih problema. U ovoj radnji će biti dan pregled tenzorskih dekompozicija, s naglaskom na TT (tensor-train) dekompoziciju. Zatim će biti analiziran neki od tenzorskih pristupa za prepoznavanjenakcije i njihove numeričkeimplementacijećebiti testirana na odabranim primjerima."
Primjene diferencijalnih jednadžbi u biologiji,"S razvojem tehnologije su i eksperimenti u biologiji postali precizniji i potpuniji. U odnosnu na tradiocionalne eksperimente u kojima bi se često dobili podaci samo o (populacijskom) prosjeku (poput prosjeka razine proteina), novijim eksperimentima je moguće karakterizirati pojedinačne objekte poput stanica, ponekad čakipojedinačneproteine.Iztograzlogapostojipotrebazadaljnimrazvojempripadnihmatematičkihmodelaubiologiji.Uovomradućeseprovestimatematičkaanaliza nekoliko modela poput kontinuiranih kompartmentalnih modela, populacijskih modela s međudjelovanjem, natjecateljskih populacijskih modela, heterogenih modela s difuzijom i sl. Zajedničko svim modelima jest da pripadne varijable zadovoljavaju odgovarajuće diferencijalne jednadžbe. Svi modeli će biti povezani s barem jednim realnim primjerom."
Catalanovi brojevi,"U radu će se opisati više različitih kombinatornih problema (npr. problem postavljanja zagrada, problem triangulacije konveksnog n-terokuta, problem putova u cjelobrojnoj mreži, problem rukovanja itd.) koji imaju isto rješenje– niz Catalanovih brojeva (1, 1, 2, 5, 14, 42, 132, 429,...) koji se najčešće definira kao Cn = 1 n+1 (2n n ) Cn = ∑n−1 k=0 CkCn−1−k, Cn = 2(2n−1) , n ≥ 0. Nadalje, dat će se različite reprezentacije Catalanovih brojeva (npr. n+1 Cn−1, Cn = 1 n+1 ∑n k=0 (n k )2, ...) te proučiti neki problemi vezani uz djeljivost Catalanovih brojeva (npr. Cn je neparan ako i samo ako je n Mersenneov broj)."
Priča o broju e,"Eulerov broj, Napierova konstanta ili kratko broj e ≈ 2.71828... jedna je od napoznatijih konstanti u matematici. U radu bi se iznijela kratka povijest broja e, opisali problemi u kojima se prirodno pojavljuje (npr. rasta populacije, izračun složene kamate), dale neke njegove karakterizacije, argumentirala njegova iracionalnost (koja se bazira na razvoju broja e u beskonačni verižni razlomak) i transcedentnost te reklo nešto o slavnom Eulerovom identitetu eiπ + 1 = 0."
Tetivni četverokuti: nepoznato o poznatom,"Tetivni četverokuti su četverokuti kojima se može opisati kružnica. U ovomdiplomskomradudatćemopreglednajvažnijihkarakterizacijatetivnihčetverokuta (među kojima se posebno ističe Ptolomejev teorem) kao i dokaze nekih njihovih svojstava. Pažnju ćemo posvetiti i posebnim vrstama tetivnih četverokuta kao što su harmonički, bicentrični te tetivni četverokuti s okomitim dijagonalama."
Karakterizacije trapeza,"U ovom diplomskom radu dat ćemo pregled osnovnih svojstava trapeza koji je jedan od najjednostavnijih četverokuta, a zatim ćemo dokazati neke njegove manje poznate karakterizacije."
Suvoditelj: Ebler Daniel Physics-inspired dynamical systems for optimization (Dinamički sustavi za optimizaciju inspirirani fizikom),"Many combinatorial optimization problems can be encoded into physical systems in such a way that after performing the evolution of the system, it is in a state from which the solution of the optimization problem can be decoded. One such exampleistheIsingmodelintowhichall21fromKarp’slistofNP-completeproblems can be encoded [1, 3]. Rather than using the real physical systems, such dynamics can be simulated. The mathematical description of said dynamics constitutes a set of coupled partial differential equations, which can be solved iteratively with numerical methods (Euler method, Runge-Kutta) on current hardware (GPU, FPGA) [2]. This class of solvers is often called physics-inspired. In the first part of this thesis, Ising model will be described from both mathematical and physical perspective. Ising formulation of some combinatorial problems will be presented. After that, amathematicaldescriptionofevolutionofthisphysicalsystem will be described along with approximate simulation algorithms (such as Simulated Bifurcation and Coherent Ising Machines). The target of the third part of the thesis is to identify newwaystoenhanceperformanceandscalingofphysics-inspiredsolvers, for example by borrowing tools from sparsification and dynamical system theory."
Učenje s potporom u optimalnom oblikovanju struktura,"Cilj ovog diplomskog je prikazati kako se problem optimizacije mreže u metodi konačnih elemenata može modelirati kao Markovljev proces odlučivanja. Korištenjem dubokog učenja s potporom trenirat ćemo neuronsku mrežu koja modelira proces donošenja odluka o lokalnom profinjavanju mreže direktno iz rezultata numeričkih eksperimenata na gruboj mreži Nakon toga, primijenit ćemo isti koncept na problem geometrijske otimizacije 1D metričkog grafa koji modelira podatnost endovaskularnog stenta. Motivacija je članak [1], dok se primjer optimizacije stenta može naći u članku [3]."
Neuronske mreže i statističko učenje,U radu će se opisati osnove neuronskih mreža u kontekstu statističkog učenja. Posebno će se obraditi teme perceptrona i višeslojnog perceptrona i odgovarajućih algoritama za njihovo treniranje.
Konvergencije nizova skupova u metričkim i topološkim prostorima,U ovom radu će se proučavati razne vrste konvergencija nizova skupova u metričkim i topološkim prostorima. Dat će se i potreban širi kontekst metričkih i topoloških prostora. Cilj je dokazati neke važne činjenice vezane za konvergencije nizova skupova.
Teorijski aspekti integrabilnosti,Uovomradućeseproučavati neki elementarni teorijski aspekti integrabilnosti. Cilj je dokazati neke važne činjenice s tim u vezi te dati potreban širi kontekst.
Topološka svojstva poluizračunljivih skupova,"U ovom radu će se proučavati topološka svojstva poluizračunljivih skupova koja povlače izračunljivost tih skupova, a dat će se i širi kontekst izračunljive analize. Cilj je dokazati neke važne činjenice s tim u vezi."
Analiza ponovnog pojavljivanja raka dojke analizom doživljenja,Koristeći bazu https://stat.ethz.ch/R-manual/Revel/library/su rvival/html/gbsg.html analizirala bi se pojavnost recidiva raka dojke. Baza sadrži podatke pacijenata istraživanja provedenog 1984.-1989. u Njemačkoj (German Breast CancerStudyGroup-GBSG)na720pacijenatasrakomdojkespozitivnimčvorovima. Bazasadrži podatkeo686pacijenataspotpunimpodacimazaprognostičkevarijable. Statusna varijabla bi bila recidiv ili smrt a promatrano vrijeme je broj dana do prvog recidiva ili smrti. Kaplan-Meierovim procjenama procjenila bi se i usporedila vremena doživljenja za razne podskupine pacijentica. Coxovom regresijom procijenili bi se statističko značajni prediktori recidiva ili smrti.
Analiza policističnog sindroma jajnika logističkom regresijom i diskriminantnom analizom,"Koristeći bazu https://www.kaggle.com/datasets/prasoonkottarath il/polycystic-ovary-syndrome-pcosanaliziralobisekojevarijableikakoutječuna pojavnost policističnih jajnika koristeći logističku regresiju i diskriminantnu analizu, te bi se rezultati usporedili."
Korutine u programskom jeziku C++,"Općenito o korutinama i asinhronom programiranju, vrste korutina. Korutine u jeziku C++ su standardizirane 2020. godine. Potrebno je opisati standardnu implementaciju korutina i prikazati njihove tipične primjere primjene. Usporediti s korutinama u drugim jezicima (Javascript, Python, Java itd.). Kako su korutine u jeziku C++ elementi niske razine potrebno je pokazati primjenu neke od biblioteka više razine, na primjer cppcoro."
Paralelni algoritmi na grafovima,"U radnji je potrebno analizirati i implementirati u programskom jeziku C++osnovneparalelne algoritme na grafovima (šetnje grafom, najkraći put, itd.). ImplementacijatrebabitinasustavusdijeljenommemorijompomoćuC++20standarda. Radnja se treba sastojati iz tri dijela: 1) osnove programiranja sustava s dijeljenom memorijom, 2) programsko sučelje koje nudi C++ prema standardu iz 2020. godine i 3) paralelni algoritmi na grafovima. Potrebnoje motivirati korištenje paralelnih algoritama i napraviti jedan realističan primjer primjene odabranih algoritama. Uodabiru algoritama koji će biti obrađeni student ima slobodu izbora. Jedan dio tih algoritama obrađen je u referenci [1]."
Suvoditelj: Wagner Vanja Svojstva slučajnog grafa,"Sustavno proučavanje slučajnih grafova započelo je 1959. u sklopu dva fundamentalnačlankaGilberta, te Erdősai Rényija. Umeđuvremenujeovatemaprerasla u aktivno istraživačko područje s mnogim važnim primjenama u drugim granamamatematike, teorijskom računarstvu i statističkoj fizici. Erdős i Rényi su proučavali G(n,m), slučajan graf iz uniformne distribucije na skupu svih grafova s n vrhova i mbridova. Međuklasičnim svojstvima od interesa su povezanost, promjer, savršena sparivanja, postojanje određenih podgrafova, kromatski broj, itd. Cilj rada je sažeti osnovnasvojstva slučajnih grafova i prikazati nekoliko ključnih ideja u ovomznanstvenom području."
Falconerov problem udaljenosti,"Svakom skupu A ⊆ Rd možesepridružiti njegov skup razlika A−A:={x−y :x,y ∈A}⊆Rd i njegov skup udaljenosti ∆(A) := {|x−y| : x,y ∈ A} ⊆ R. Poznat i jednostavan je rezultat Huge Steinhausa [4] iz 1920. godine: ako A ima pozitivnu d-dimenzionalnu Lebesgueovu mjeru, tada skup A − A sadrži neku kuglu oko ishodišta, B(0,ε) za neki ε > 0. Posljedično, tada skup ∆(A) sadrži neki interval [0,ε⟩, ε >0,paontakođer mora imati pozitivnu 1-dimenzionalnu Lebesgueovu mjeru. KennethFalconer[1,2]je1985.postavioprirodnopitanje:kolikatrebabitiHausdorffovadimenzijaskupaAkakobismomogligarantiratida∆(A)imapozitivnu1-dimenzionalnu Lebesgueovu mjeru? On je ujedno konstruirao fraktalni primjer koji pokazuje da dimenzija d/2 nije dovoljna, a dokazao je i da dimenzija veća od d/2 + 1/2 pak jest dovoljna. Do danas se sporo ali ustrajno ostvaruje napredak na tom teškom problemu. Cilj diplomskog bit će obraditi sve preliminarne koncepte potrebne za formulaciju problema, potom dokazati spomenute klasične parcijalne rezutate, a na kraju dati i pregled daljnjeg napretka na problemu (recimo iz preglednog rada [3])."
Pickova formula,"Pickova formula je formula za površinu proizvoljnog poligona čiji svi vrhovi imaju cjelobrojne koordinate. Površina je izražena u terminima broja točaka sa cjelobrojnim koordinatamakojesenalazeupoligonu.Glavniciljovogdiplomskograda je proučiti različite dokaze Pickove formule te njenu vezu s Eulerovom formulom. Nadalje, ovisno o afinitetu studenta, dio rada može biti posvećen generalizacijama Pickoveformulenavišedimenzijeilinjenimprimjenamauosnovnoškolskoji/ilisrednjoškolskoj nastavi matematike."
Steinerov problem,"Švicarski matematičar Jakob Steiner postavio je i riješio jedan zanimljivi geometrijski problem kojeg možemo formnulirati na sljedeći način. Neka su zadani krug u ravnini te prirodan broj n. Koliki je maksimalan broj dijelova na koje možemo rastaviti krug pomoću n pravaca? Glavni cilj ovog diplomskog rada je proučiti različita rješenja tog problema te njegovu vezu s drugim temama iz diskretne matematike i/ili geometrije, kao što su Hamiltonovi putevi i Eulerova formula. Također, u radu se mogu promatrati različite modifikacije originalnog problema kod kojih su zadani određeni dodatni uvjeti na položaj pripadnih n pravaca."
Dokazi Cayleyeve formule,"Prema Cayleyevoj formuli, broj stabala s n vrhova jednak je nn−2. Formulu je prvi dokazao Borchardt 1860. godine pomoću determinante, a Cayleyev dokaz objavljen je 1889. Danas su poznati mnogi dokazi koji koriste različite tehnike iz kombinatorike. Cilj ovog diplomskog rada je obraditi razne dokaze Cayleyeve formule i ilustrirati metode na kojima se zasnivaju. Kao osnovna literatura koristit će se nedavno objavljena knjiga [1]."
Youngova rešetka,"Youngovu rešetku čine particije prirodnih brojeva uz parcijalni uređaj inkluzije odgovarajućih Youngovih dijagrama. Ima važnu ulogu u algebarskoj kombinatorici i teoriji reprezentacija simetrične grupe. U ovom diplomskomraduobraditće se neka kombinatorna svojstva Youngove rešetke, standardnih Youngovih tablica te vezesq-binomnimkoeficijentima.Osnovnaliteraturabitće6.i8.poglavljeknjige[1]."
Permanenta,U diplomskom će se obraditi osnovna svojstva permanente i njezine primjene u kombinatorici prema knjizi [1]. Kao praktični dio rada bit će implementiran algoritamzaračunanjepermanenteizknjige[2]uprogramskomjezikuC++itestirana njegova efikasnost.
Suvoditelj: Vrdoljak Marko Uvjeti optimalnosti u teoriji upravljanja i primjene,U radu se proučavaju zadaće optimalnog upravljanja opisane sustavima običnih diferencijalnih jednadžbi. Cilj rada je izvesti Pontrjaginove uvjete optimalnosti tehnikama varijacijskog računa i konveksne analize te demonstrirati njihovu primjenu na jednostavnijim primjerima. Demonstrirat će se i mogućnost primjena metoda silaska za numeričko rješenje.
Multivarijatni model za analizu determinanti uspješnosti savladavanja matematičkog gradiva u srednjoj školi,"Cilj ovog rada je određivanje determinanti uspješnosti savladavanja gradiva iz matematikezasrednjuškolukorištenjem testa za analizu varijance u multivarijantnom modelu,tzv. MANOVAtest.Prvidioradabitćeposvećenteorijskojpozadini same MANOVE-e, uključujući i neke primjere primjene takvog modela. U drugom dijelu rada prikazat ćemo rezultate istraživanja dobivene primjenom ovog testa provedenog na učenicima četvrtih razreda srednje škole. U sklopu istraživanja, postavit ćemoučenicima niz matematičkih pitanja koja pokrivaju gradivo prvog, drugog i trećegrazredasrednješkole.Uspješnostrješavanjatihzadataka,odvojenaporazredima, predstavljat će našu trodimenzionalnu zavisnu varijalbu čiju ćemo vrijednost pokušati predvidjeti pomoću niza varijabli prediktora poput ocjena učenika u prijašnjim razredima, tipu srednje škole koju pohađa, činjenici je li pohađao dodatnu nastavu iz matematike ili se bavi nekim drugim izvannastavnim aktivnostima, ali i nekim osobnimpodacimapoputprosječnogprihodakućanstvaukojemživiibrojabraćeisestara u obitelji. Zadaci će biti postavljeni u obliku online ankete čime se nadamo prikupiti veći broj ispitanika iz raznih dijelova grada Zagreba."
Markovljevi modeli i primjene,"U ovom radu napravit ćemo pregled četiri tipa Markovljevih modela koji se čestokoriste zamodeliranjeraznihpojavauprirodiisvakodnevnomživotu.Napočetku planiramo postaviti teorijski okvir unutar kojeg se ovakvi modeli definiraju te potom opisati strukturu Markovljevih lanaca kao osnovog tipa Markovljevih procesa. Teorija o Markovljevim lancima dobro je poznata i razrađena tema pa ćemo naglasak staviti na strukturu i svojstva općenitijih procesa: skrivenih Markovljevih procesa i Markovljevih procesa odlučivanja. Za svaki tip procesa dat ćemo i primjere njihove primjene. Nakraju, kratko ćemoseosvrnutiinajedantipgeneraliziranihprocesaodlučivanja: tzv. djelomično vidljive Markovljeve procese odlučivanja. Ovaj tip procesa tek se nedavno pojavio u literaturi pa ćemo dati pregled dosada dobivenih rezultata, kao i primjer njihove primjene."
Statističko modeliranje kopulama,"U ovom radu će se definirati kopule, te navesti osnovna svojstva i primjeri kopula. Također će se opisati kako se kopule koriste za modeliranje zavisnosti kod slučajnih vektora. Kroz primjere, koristeći kompjuterske simulacije, će se opisati upotreba kopula u statističkom modeliranju."
Faktorska analiza,"Faktorska analiza ima široku primjenu u statistici. U ovom radu će se opisati sama metoda faktorske analize i kroz par primjera, koristeći kompjuterske simulacije, će se opisati kako se koristi ova metoda u statističkom zaključivanju."
Stabilna konvergencija slučajnih varijabli,"Stabilna konvergencija slučajnih varijabli je tip konvergencije koji je jači od konvergencije po distribuciji i ima široku primjenu u statistici. U ovom radu će se definirati takav tip konvergencije za slučajne varijable i pokazat će se osnovna, ali jako važna, svojstva takvog tipa konvergencije."
Primjena neuronskih mreža za numeričko rješavanje diferencijalnih jednadžbi,U posljednje vrijeme neuronske mreže našle su primjenu u mnogim područjima matematike. U ovom radu cilj je obraditi primjenu neuronskih mreža u slučaju numeričkog rješavanja diferencijalnih jednadžbi te usporediti brzinu i točnost takvog rješavanja s tradicionalnim metodama rješavanja.
Bayesove neuronske mreže,"U diplomskom radu će se obraditi osnove Bayesove statistike [1,2] i njezine primjene u strojnom učenju [1,2,3]. Glavna tema rada će biti Bayesova neuronska mreža [4,5], model strojnog učenja koji kombinira Bayesovu statistiku i neuronske mreže. Navedenimodelimabrojneprednostinadstandardnimmodelimdubokog učenja: može se trenirati na puno manjim skupovima podataka, tvori robusnije modele zbog korištenja distribucije težina kod treniranja te omogućava računanje nesigurnosti predviđanja. Navedeni model će se primijeniti na jednom ili više zanimljivih domenskih problema."
Matematičko modeliranje u programu međunarodne mature International Baccalaureate,"Matematičko modeliranje posebno je istaknuta tema u programu međunarodne mature International Baccalaureate. Cilj ovog diplomskog rada je opisati temeljne kurikulumske postavke za njegovo provođenje, te navesti primjere."
Tok srednje zakrivljenosti ploha u euklidskom prostoru,"Cilj ovog diplomskog rada je opisati neke tzv. geometrijske evolucijske probleme: evoluciju krivulja u ravnini (curve shortening flow), koja će poslužiti kao priprema za evoluciju ploha u euklidskom prostoru kroz tok srednje zakrivljenosti (mean curvature flow). U radu će se proučiti njihova svojstva. Primjerice, za tok srednje zakrivljenosti pokazat će se da odgovara toku gradijenta za funkcional površine, odnosno, da je tok srednje zakrivljenosti tok najbržeg pada površine plohe."
Teorija aukcija,"Aukcije su mehanizmi za kupovinu dobara putem ponuda koje daju potencijalni kupci, nakon čega je dobro prodano onome s najvišom ponudom. Teorija aukcija jedna je od najuspješnijih primjena teorije igara u stvarnom svijetu. Cilj diplomskog rada je prezentirati aukciju kao primjer igre s nepotpunim informacijama te važnost bayesovskog ekvilibrija u toj igri. Nakon prezentiranja općenite teorije, rad se može detaljnije pozabavati nekim od mnogobrojnih konkretnih načina aukcija."
Relacije ekvivalencije i cijeli brojevi,"U radu se uvode i razmatraju fundamentalni pojmovi kao što su relacije ekvivalencije, polugrupe, grupe i prsteni. Opći rezultati primjenjuju se na konstrukciju prstena cijelih brojeva iz polugrupe prirodnih brojeva."
Teorem o modularnosti,"Teorem o modularnosti daje vezu između eliptičkih krivulja definiranih nadracionalnimbrojevimaimodularnihformi.Postojetrinačinadaseizraziteorem: preko modularnih krivulja, preko L-funkcija, te preko Galoisovih reprezentacija. U ovomdiplomskom radu će se uvesti pojmovi potrebni za formalno iskazivanje teorema usvim oblicima, te skicirati neki koraci u dokazu i opisati neke važne posljedice ovog teorema."
Upravljanje multi-agentnim sustavima,"Cilj diplomskog rada je prikazati i implementirati numerički učinkovit pristupzaizračunavanjemaksimalnog/minimalnogutjecajakojipodskupagenataima nakooperativni sustav. Na primjer, ako netko možeometati/pojačati nekoliko agenata tako da maksimalno ometa/podupire cijeli tim, koje agente odabrati i kakve ulaze primijeniti? Utjecaji agenata će se kvantificirati smislu H∞ norme, dok će se sinkronizacija izlaza uzeti kao temeljna shema kooperativnog upravljanja."
Uporaba blockchain tehnologije u svrhu provjerljivosti podataka,"U posljednjih nekoliko godina tehnologija ulančanih blokova (blockchain) postaje sve popularnija. Iako je najpoznatija kao temelj za kriptovalute, ova tehnologija omogućava provjerljivost i nepromjenjivost pohranjenog sadržaja, čime je vrlo pogodna i za trajnu pohranu podataka. U ovom diplomskom radu će student istražiti blockchain tehnologiju i mogućnosti uspostave javno dostupne usluge temeljene na ovoj tehnologiji. U sklopu praktičnog dijela radaćeizraditi aplikaciju zaunosskupovapodataka,njihovooblikovanjeikombiniranu pohranu u relacijsku bazu podataka i blockchain, kao i kombinirani dohvat podataka iz relacijske baze podataka i blockchaina."
Suvoditelj: Planinić Hrvoje Analiza korupcijskog rizika u javnoj nabavi u Hrvatskoj,"UzemljamaOECD-avrijednost javne nabave je i do 30 %ukupnihdržavnih troškova i stoga znatno utječe na ukupni gospodarski i socijalni razvoj. Međutim, javna nabavajejednaodaktivnostivladenajsklonija korupciji. Budući da je korupcija ujavnoj nabavi itekako prisutna i u Republici Hrvatskoj, cilj je ovog rada utvrditi postoje li razlike u korupcijskom riziku po ekonomskim sektorima, koji su važni pokazatelji rizika te istražiti eventualne promjene u višegodišnjem razdoblju. Student/ica će se upoznatisliteraturomokorupcijiiintegritetu ujavnojnabaviibazamapodatakao javnoj nabavi, te koristiti statističke metode poput klaster analize i linearne regresije."
Lasso metoda i primjene u visokodimenzionalnoj statistici,"U standardnom linearnom modelu za regresiju koeficijenti β∗ ∈ Rp procjenjuju metodom najmanjih kvadrata. U slučaju kada je broj kovarijata p velik u odnosunabrojpodatakan(alip ≤ n),poznatojedaće,bezobzirajelistvarnavezalinearna ili ne, metodanajmanjihkvadratadati modelkojiimavelikuprediktivnugrešku. Još veći problem nastaje u slučaju kada je prostor kovarijata jako velike dimenzije, tj. kada je p značajno veći do n. S druge strane, tzv. lasso procjenitelj za β∗ dobije se minimiziranjem sume kvadrata reziduala, ali pri čemu se dodaje kazna u obliku L1 norme vektora koeficijenata β. Tako dobiveni procjenitelj tipično ima manju prediktivnu grešku te je velik broj procijenjenih koeficijenata jednak 0, tj. lasso rješenje je rijetko (engl. sparse). Cilj ovog rada je obraditi osnovnu teoriju lasso metode za linearni model te neke generalizacije, s naglaskom na slučaj kada je broj kovarijata velik. Također, ukoliko bude moguće student će ilustrirati metodu na nekoliko skupova podataka iz stvarnog svijeta."
Osnovna teorija i primjene generaliziranih aditivnih modela,"Tradicionalni linearni model za regresiju pretpostavlja da je tzv. regresijska funkcija linearna, tj. da je µ(x) = E[Y | X = x] = β0 + β1x1 + ··· + βpxp, za x = (x1,...,xp) ∈ Rp, pri čemu je Y varijabla odziva, a X vektor kovarijata. Ipak, µ često nije niti približno linearna pa, ako razmišljamo u terminima rastava prediktivnegreške napristranost i varijancu, linearan model u tom slučaju ima preveliku pristranost. S druge strane, poznato je da potpuno neparametarske metode za procjenu regresijske funkcije bez dodatnih strukturnih pretpostavki imaju preveliku varijancu ako broj kovarijata p nije jako malen. Jedno moguće rješenje je aditivan model koji pretpostavlja da je µ(x) = α +f1(x1) + ··· +fp(xp), pri čemu su f1,...,fp proizvoljne glatkefunkcije.Aditivanmodeljepunofleksibilnijiodtradicionalnogline-arnogmodela, a s druge strane zadržava njegovu interpretabilnost. Aditivni modeli dio su veće familije generaliziranih aditivnih modela (GAM) kod kojih odziv Y nije nužno neprekidna varijabla, a uvjetno očekivanje µ od Y ovisi o aditivnoj funkciji kovarijata preko funkcije veze g, tj. g(µ(x)) = α + f1(x1) + ··· + fp(xp). Na primjer, ako je Y ∈ {0,1}, a g tzv. logit funkcija veze, rezultirajući model je tzv. aditivna logistička regresija. Cilj ovog rada je obraditi osnovnu teoriju generaliziranih aditivnih modela što ključuje probleme poput procjene parametara modela te kontroliranja od- nosa između pristranosti i varijance, te je primijeniti na nekoliko skupovapodatakaizstvarnogsvijeta."
Newtonovi zakoni i dijagrami sila u nastavi f izike,"Newtonovi zakoni su važna tema srednjoškolske nastave fizike i temelj cijele mehanike, ali istraživanja diljem svijeta pokazuju da s tom temom učenici, pa čak i studenti, imaju puno poteškoća. Edukacijska istraživanja u fizici ukazala su na važnu ulogu korištenja različitih reprezentacija u nastavi fizike, kako bi se poboljšalo učeničko razumijevanje sadržaja. Glavni tipovi reprezentacija uključuju verbalnu, matematičku, grafičku i dijagramsku. Neke reprezentacije mogu utjecati i na uspješnost učenika u rješavanju zadataka. U ovom diplomskom radu studentica bi se fokusirala na istraživanje učeničke uporabe dijagrama sila kao reprezentacije Newtonovih zakona. Proučila bi relevantnu literaturu vezanu uz učeničke poteškoće s Newtonovim zakonima i njegovim reprezentiranjem pomoću dijagrama sila te bi osmislila i provela manje istraživanje s tom temom u 1. razredu srednje škole. Cilj istraživanja bio bi procijeniti postoji li utjecaj crtanja dijagrama sila u standardnim zadacima povezanim sNewtonovimzakonimanaučeničkiuspjehunjihovomrješavanju. Također bi se evaluirala prisutnost povezanih učeničkih konceptualnih i matematičkih poteškoća."
Primjene vektorske i koordinatne metode u dokazivanju geometrijskih tvrdnji,"U radu ćemo pokazati kako se vektorska i koordinatna metoda mogu koristiti kako bi se vrlo jednostavno dokazale neke poznate geometrijske tvrdnje (npr. teorem otežištu, teorem o ortocentru, relacija paralelograma, Pitagorin poučak, itd.) Poseban ćenaglasak biti na korištenju navedenih metoda u zadacima s matematičkih natjecanja."
Vizualna matematika,"U ovom diplomskom radu ćemo vidjeti kako se brojne geometrijske i algebarske tvrdnje mogu dokazati slikom, uz minimalni opis riječima. Također ćemo napraviti usporedbe vizualnih dokaza i klasičnih dokaza."
Primjene običnih diferencijalnih jednadžbi i metode rješavanja,"U radu se osvrćemo na kvalitativne, analitičke i numeričke metode rješavanja običnih diferencijalnih jednadžbi te na neke njihove primjene (populacijski modeli, financije)."
Dinamika grabežljivac-plijen populacijskih modela,"U radu se analiziraju razne varijante Lotka-Volterra populacijskog modela interakcije grabežljivca i plijena, kao i srodni Nicholson-Bailey model domaćinparazit. Analiza je s aspekta kvalitativne analize dinamičkih sustava, gdje se predviđa dugoročno ponašanje sustava analizom jednadžbe, a ne njezinim direktnim rješavanjem."
Varijante gradijentnog spusta u strojnom učenju s primjerima,"U radu će se analizirati nekoliko klasičnih varijanti metode gradijentnog spusta: momentum, Nesterov ubrzani gradijent, Adagrad, RMSprop i Adam te će se iste primijeniti na probleme klasifikacije i regresije u kontekstu strojnog učenja. U slučaju klasifikacije, klasificirat će se vino (u kvalitetne skupine) obzirom na kemijska svojstva vina. U slučaju regresije, cilj je predvidjeti broj iznajmljenih bicikala po satu obzirom na meteorološke uvjete, sat u danu i (ne)radni dan. U ovim problemima, varijante gradijentnog spusta će se rangirati obzirom na brojeve iteracija potrebnih za određenu razinu točnosti."
VaR analiza učinaka vanjskih šokova na malo otvoreno gospodarstvo s obzirom na pripadnost monetarnoj uniji,U radu će se opisati vektorski autoregresijski (VaR) modeli. Korištenjem tih modela usporedit će se utjecaj vanjskih šokova na malo otvoreno gospodarstvo u razdoblju prije i poslije ulaska u Eurozonu. U tu svrhu analizirat će se učinci vanjskih šokova na makroekonomske varijable malog otvorenog gospodarstva.
Metode strojnog učenja u određivanju tržišne vrijednosti igrača u nogometu,Cilj ovoga rada je predvidjeti tržišnu vrijednost igrača u nogometu korištenjem metoda strojnog učenja. U radu će se posebna pažnja posvetiti metodama odabira prediktora u linearnim modelima u svrhu povećanja interpretabilnosti modela te metodama regularizacije u svrhu poboljšanja svojstva predviđanja modela.
Izrada optimalnog portfelja uz rizik modeliran VaR-om,"Cilj ovog rada je prikazati i opisati metodologiju za formiranje optimalnog portfelja uz ograničenje na rizik, odnosno uz traženi prinos. Naglasak rada je na modeliranju rizika u optimalnom portfelju koristeći rizičnu vrijednost (eng. value at risk- VaR). Obradit će se različiti načini računanja VaR-a te prikazati razlike u rezultatima. Na kraju će biti prikazana realna situacija izrade optimalnog portfelja."
Razvoj pojma površine u osnovnoj i srednjoj školi,"Matematika je nastavni predmet čiji se sadržaji moraju postepeno i primjereno graditi. Površina je pojam koji se koristi već od najranije dobi i koji se intuitivno usvaja, ali kasnije često učenicima predstavlja problem. Cilj ovog diplomskog rada je opisati kako se pojam površine metodički uvodi u kurikulumu nastave matematike od nižih razreda osnovne škole do kraja gimnazijskog obrazovanja."
Neparametarska regresija,"U klasičnoj, parametarskoj regresijskoj analizi pretpostavljamo da je zavisna varijabla povezana s nezavisnima nekom parametriziranom, najčešće linearnom, funkcijom. Neparametarski pristup ne pretpostavlja unaprijed oblik te funkcijske veze, već se ona u potpunosti procjenjuje iz podataka. Da bi to bilo moguće, potrebno je traženu (nepoznatu) funkciju aproksimirati parametriziranim funkcijama. U radu će se predstaviti glavne metode procjene, s naglaskom na regresiju vremenskih nizova te demonstrirati praktična primjena u R-u."
Frakcionalno diferencirani vremenski nizovi,"Uanalizi vremenskih nizova najčešće je važno raspolagati podacima koji su stacionarni, odnosno čija srednja vrijednost i varijanca se ne mijenjaju s vremenom. U tu svrhu, postupkom diferenciranja se od originalnih podataka (npr. cijena) dobivaju stacionarni nizovi (npr. povrati), ali se pritom gubi memorija originalnog niza i slabi prediktivna snaga analize. Kako bi se postigla stacionarnost uz očuvanje dijela memorije, umjesto cjelobrojnog, moguće je provesti djelomično, odnosno frakcionalno diferenciranje (eng. fractional differentiation). U radu će se opisati metode kojima se postiže takvo diferenciranje te ilustrirati praktična primjena."
Modeliranje koncentracije lijeka u žili kojeg otpuštaju stentovi,"Stent je mrežica koja se ugrađuje u sužene krvne žile kako bi se povratio normalan tok krvi. On je strano tijelo u organizmu koji ga želi izolirati, pa je vrlo moguće da se na istom mjestu ponovno dogodi suženje. Zbog toga su u novije doba puno češći stentovi koji otpuštaju lijek protiv zgrušavanja. Cilj ovog rada je formulirati problem konvekcije–rekacije–difuzije i izraditi pripadnu numeričku simulaciju za problem koncentracije lijeka u žili."
Optimizacija debljina bridova Cypher stenta iz trodimenzionalne elastičnosti,"Stent je mrežica koja se ugrađuje u sužene krvne žile kako bi se povratio normalan tok krvi. Kako su najčešće izrađeni od metala modeliraju se u okviru teorije elastičnosti. Cilj ovog rada je formulirati problem optimizacije radijalne krutosti strukture u ovisnosti o debljinama bridova u mrežici, te izraditi pripadnu numeričku simulaciju u okviru trodimenzionalne linearizirane elastičnosti."
Suvoditelj: Sandrić Nikola Statistička analiza utjecaja grupnog rada na usvajanje matematičkih sadržaja,"U ovom radu statistički ćemo analizirati postoji li razlika u razini usvojenog matematičkog sadržaja kod frontalne metode nastave i primjene grupnog rada, konkretnometodesuradničkogučenja”slagalica”. Statističko istraživanje provest ćemo u prvom razredu srednje škole gdje ćemo učenicima prezentirati nastavnu jedinicu ”Graf funkcije apsolutne vrijednosti” po materijalima pripremljenim u sklopu ovog rada. Učenike ćemo podijeliti u dvije grupe te u obje grupe obraditi isto gradivo, ali korištenjem različitih, ranije spomenutih metoda. Ispitat ćemo usvojenost obrađenog gradiva, pisanom provjerom znanja pripremljenom u sklopu ovog rada, kao i samoprocjenu učenika, anketnim pitanjem o tome koliko dobro misle da su usvojili gradivo. Analizirat ćemo prikupljene podatke opisnom statistikom i testirati H0 hipotezu da različite metode rezultiraju istom usvojenosti gradiva korištenjem t-testa."
Suvoditelj: Sandrić Nikola Statistička analiza utjecaja primjene tehnologije na učenje geometrije u osnovnoj školi,"U ovom radu statistički ćemo analizirati postoji li razlika u razini usvojenog matematičkog sadržaja ako u nastavu uvedemo primjenu tehnologije. Statističko istraživanje provest ćemo u šestom razredu osnovne škole gdje ćemo učenicima prezentirati nastavnu jedinicu ”Površina trokuta” po materijalima pripremljenim u sklopu ovog rada. Učenike ćemo podijeliti u tri grupe te sa svima obraditi isto gradivo, ali u prvoj grupi koristeći frontalnu nastavu bez primjene računala, u drugoj grupi koristeći frontalnu nastavu uz primjenu računala i u trećoj grupi koristeći informatičku učionicu u kojoj svaki učenik ima pristup svom računalu. Usvojenost obrađenog gradiva ispitat ćemo pisanom provjerom znanja pripremljenom u slopu ovog rada. Analizirat ćemo prikupljene podatke opisnom statistikom i testirati H0 hipotezu da različite metode rezultiraju istom usvojenosti gradiva korištenjem ANOVA testa."
Pitagorin poučak i njegove generalizacije,"Pitagorin poučak jedan je od osnovnih teorema geometrije. Iako taj poučak nosi ime po Pitagori (rođen oko 582. pr. Kr.), on je bio poznat u nekom obliku i prije nego se Pitagora rodio. No, legenda kaže da ga je on prvi dokazao. Danas postoji čak oko 400 raznih dokaza Pitagorinog poučka. Cilj ovog rada je prikazati razne tipove dokaza Pitagorinog poučka koji se temelje na izjednačavanju površina, razlaganju površina, računanju te sličnosti likova. Osim toga, cilj je dati i neke generalizacije Pitagorinog poučka te ih dokazati."
Metode najgoreg slučaja u teoriji portfelja,"Uradu se proučavaju zadaće optimizacije portfelja u kojima se u funkciji cilja i/ili uvjetima javljaju funkcije najgoreg slučaja, koje u pravilu nisu diferencijabilne. Uvođenjemnovihvarijabli i uvjeta u nekimslučajevimasezadaćasvodinazadaću glatkeoptimizacije,auopćemslučajuprikladnesumetodeneglatke(konveksne)analize. Cilj rada je demonstrirati oba pristupa."
"Metode interpretacije, kvazimodela i mozaika za dokazivanje odlučivosti modalnih logika","Metoda konačnih modela je osnovna metoda prilikom dokazivanja odlučivosti modalnih logika. Prvi zadatak diplomskog rada je uvesti potrebne pojmove kako bi se opisala metoda konačnih modela te bez dokaza naveli osnovni rezultati. Svakakotreba naglasiti koji su nedostaci metode konačnihmodelatenužnostrazmatranja novih metoda. Glavni cilj diplomskog rada su dokazi odlučivosti nekih modalnih logika koristeći metode interpretacija, kvazimodela i mozaika."
Bellman-Harrisovi procesi,"Promatramo generalizirani proces grananja koji broji ukupan broj aktivnih čestica u danom trenutku. Proces u početku ima jednu česticu koja je aktivna neko (pozitivno) slučajno vrijeme s funkcijom distribucije G. Po umiranju, čestica se podijeli na slučajan broj identičnih čestica, čiji je životni vijek nezavisan i jednako distribuiran s funkcijom distribucije G. Broj potomaka svake čestice je slučajan i jednako distribuiran kao i broj potomaka originalne čestice. Procese ovog tipa uveli su BellmaniHarrisusvomraduiz1952.godine,asvojuširuprimjenusunašliubiologiji i epidemiologiji, specijalno u modeliranju rasta populacija i širenja zaraznih bolesti. Dobro poznati specijalni primjeri ovih procesa su Galton-Watsonov proces grananja i Markovljev proces grananja s eksponencijalnim vremenima života. Cilj rada je analizirati općenite Bellman-Harrisove procese, točnije odrediti integralnu jednadžbu za funkciju izvodnicu vjerojatnosti broja jedinki u trenutku t, te korištenjem teorije obnavljanja odrediti asimptotiku očekivanog broja jedinki u trenutku t. Dodatno, promotrit ćeseiprimjeneBellman-Harrisovihprocesaumodeliranjudinamikedijeljenja stanica."
Egzotične opcije u Black-Scholes-Mertonovom modelu,"U financijama egzotična opcija je opcija koja ima značajke koje je čine složenijom od uobičajenih jednostavnih (vanilla) opcija, kao što su američke i europske opcije. Za razliku od jednostavnih opcija, egzotične opcije mogu imati nekoliko okidača koji se odnose na određivanje isplate, te mogu uključivati nestandardne temeljneinstrumente, razvijene za određenogklijenta ili za određenotržište. Dodatno, njihovaisplatamožeinemoraovisitiocijelomputuosnovnefinancijskeimovine,odnosno može ovisiti samo o njenoj cijeni u trenutku dospijeća ili o svim cijenama do trenutka dospijeća. Cilj ovog rada je dati kratak pregled egzotičnih opcija: opcija s barijerom, lookback i azijskih opcija, s naglaskom na izračun njihovih cijena u Black-Scholes-Mertonovom modelu.Opcijasbarijeromjevrstafinancijskeizvedenicečija isplata ovisi o tomejeli osnovnaimovinapremašilailipalaispodpredviđenecijene(barijere),pričemudodatno razlikujemo knock-out i knock-in opcije, ovisno o tome deaktivira li se ili aktivira isplata. Kod lookback opcija, isplata se temelji na maksimalnoj cijeni koju osnovna imovinapoprimauodređenomvremenskomintervalu,tejejednakarazliciizmeđute maksimalne cijene i cijene imovine u trenutku dospijeća. Azijska opcija je izvedenica čija isplata ovisi o prosječnoj cijeni koju osnovna imovina poprima tijekom određenog perioda. Uradu ćemoprikazati izvod eksplicitnih formula za izračun cijena opcija s barijerom i lookback opcija. S drugestrane, uslučaju azijskih opcija takva zatvorena formazacijene nije dostupna. Stogaćemopromotritiproblemodređivanjanjihovihcijenapreko odgovarajuće parcijalne diferencijalne jednadžbe te prezentirati izračun cijena nekih azijskih opcija korištenjem Monte-Carlosimulacija. Primjeretakvogizračunaprovest ćemo uprogramskom jeziku R."
